{
  "cell_size": 50.0,
  "camera_width": 1000,
  "camera_height": 500,
  "floor_y": 400,
  "world_height": 10,
  "camera_chase_x": 100.0,
  "gravity_force": 0.5,
  "start_width": 5.0,
  "end_width": 8.0,
  "player": {
    "head_size": 12,
    "body_height": 50,
    "body_width": 10,
    "start_x": 100.0,
    "start_y": 350.0,
    "speed": 6.0,
    "jump_force": 10.0
  },
  "level": [
    "floor",
    "floor",
    "start",
    "floor",
    "floor",
    "space",
    "floor",
    "floor",
    "floor",
    "floor",
    "floor",
    "floor",
    "space",
    "space",
    "space",
    "space",
    "floor",
    "floor",
    "spikeUp",
    "floor",
    "floor",
    "floor",
    "floor",
    "spikeUp",
    "floor",
    "floor",
    "floor",
    "floor",
    "floor",
    "floor",
    "space",
    "floor",
    "floor",
    "floor",
    "floor",
    "floor",
    "floor",
    "space",
    "space",
    "space",
    "space",
    "floor",
    "floor",
    "spikeUp",
    "floor",
    "floor",
    "floor",
    "floor",
    "spikeUp",
    "floor",
    "floor",
    "floor",
    "floor",
    "floor",
    "floor",
    "space",
    "floor",
    "floor",
    "floor",
    "floor",
    "floor",
    "floor",
    "space",
    "space",
    "space",
    "space",
    "floor",
    "floor",
    "spikeUp",
    "floor",
    "floor",
    "floor",
    "floor",
    "spikeUp",
    "floor",
    "floor",
    "floor",
    "floor",
    "floor",
    "floor",
    "space",
    "floor",
    "floor",
    "floor",
    "floor",
    "floor",
    "floor",
    "space",
    "space",
    "space",
    "space",
    "floor",
    "floor",
    "spikeUp",
    "floor",
    "floor",
    "floor",
    "floor",
    "spikeUp",
    "floor",
    "floor",
    "floor",
    "floor",
    "floor",
    "floor",
    "floor",
    "floor",
    "floor",
    "floor",
    "floor",
    "floor",
    "floor",
    "end",
    "floor",
    "floor",
    "floor"
  ]
}
